<?xml version="1.0" encoding="UTF-8"?>
<jcr:root xmlns:jcr="http://www.jcp.org/jcr/1.0" xmlns:nt="http://www.jcp.org/jcr/nt/1.0" xmlns:granite="http://www.adobe.com/jcr/granite/1.0" xmlns:cq="http://www.day.com/jcr/cq/1.0" xmlns:sling="http://sling.apache.org/jcr/sling/1.0"
    jcr:primaryType="nt:unstructured"
    jcr:title="Image Ad"
    sling:resourceType="cq/gui/components/authoring/dialog"
    extraClientlibs="[visualnavigation.authoring.dialog,platform.links.hideshow,platform.video,bloomingdales.csg]">
    <content
        jcr:primaryType="nt:unstructured"
        sling:resourceType="granite/ui/components/coral/foundation/container">
        <items jcr:primaryType="nt:unstructured">
            <tabs
                jcr:primaryType="nt:unstructured"
                sling:resourceType="granite/ui/components/coral/foundation/tabs"
                maximized="{Boolean}true">
                <items jcr:primaryType="nt:unstructured">
                    <imageConfigs
                        jcr:primaryType="nt:unstructured"
                        sling:resourceType="granite/ui/components/coral/foundation/container"
                        margin="{Boolean}true">
                        <items jcr:primaryType="nt:unstructured">
                            <columns
                                jcr:primaryType="nt:unstructured"
                                sling:resourceType="granite/ui/components/coral/foundation/fixedcolumns"
                                margin="{Boolean}true">
                                <items jcr:primaryType="nt:unstructured">
                                    <column
                                        jcr:primaryType="nt:unstructured"
                                        sling:resourceType="granite/ui/components/coral/foundation/container">
                                        <items jcr:primaryType="nt:unstructured">
                                            <imageBgColor/>
                                            <noCrop/>
                                            <showOnMobileCheckBox
                                                jcr:primaryType="nt:unstructured"
                                                sling:orderBefore="imageBgColor"
                                                sling:resourceType="granite/ui/components/coral/foundation/form/checkbox"
                                                checked="true"
                                                fieldDescription="Check to show on Mobile"
                                                name="./showOnMobile"
                                                text="show on mobile"
                                                uncheckedValue="false"
                                                value="true">
                                                <granite:rendercondition
                                                    jcr:primaryType="nt:unstructured"
                                                    sling:resourceType="/apps/platform/renderConditionsDemo/components/showOnMobile"
                                                    propertyName="showOnMobile"
                                                    resourcePath="${requestPathInfo.suffix}"/>
                                            </showOnMobileCheckBox>
                                        </items>
                                    </column>
                                </items>
                            </columns>
                        </items>
                    </imageConfigs>
                </items>
            </tabs>
        </items>
    </content>
</jcr:root>
